Title,Artist,Release Date,Imprint,Luminate ID,Week: 15,,,,,,,,,,,,,,,,Week: 14,,,,,,,,,,,,,,,
,,,,,Airplay Audience,% Change,YTD,ATD,Airplay Spins,% Change,YTD,ATD,Streams,% Change,YTD,ATD,Streams - Market,% Change - Market,YTD - Market,ATD - Market,Airplay Audience,% Change,YTD,ATD,Airplay Spins,% Change,YTD,ATD,Streams,% Change,YTD,ATD,Streams - Market,% Change - Market,YTD - Market,ATD - Market
So Easy (To Fall In Love),Olivia Dean,2025-09-26,ISLAND,SG76E219D57BE24C519B00B25BBA43C727,0,,,,17,0.214285714,,,1207516,-0.033266403,,,101983,-0.066500073,,,0,,,,14,,,,1249068,,,,109248,,,
Tongue Tied,Cory Wong,2026-03-02,"Roundwound Media, LLC.",SGF28FCF1D89A34E17A383FFDC54A7A3A6,0,,,,17,0.0625,,,819,-0.131495228,,,97,0.197530864,,,0,,,,16,,,,943,,,,81,,,
Changes,Charlie Puth,2026-03-27,ATLANTIC,SG32380212FF49460A92ED1D129A1DE177,0,,,,16,0,,,36042,-0.216648555,,,3305,-0.222718721,,,0,,,,16,,,,46010,,,,4252,,,
I Just Might,Bruno Mars,2026-01-09,ATLANTIC,SGF94BEE8684DE40FBB02614F434A115C8,0,,,,16,0,,,1219246,0.043426541,,,93370,0.005665417,,,0,,,,16,,,,1168502,,,,92844,,,
Give My Love,Kem,2025-07-24,Kemistry Records LLC,SG7C5A07E7D87E4430A8840AEAFAD2F77C,0,,,,15,0,,,159,-0.305676856,,,12,-0.47826087,,,0,,,,15,,,,229,,,,23,,,
The Upside,Blake Aaron,2026-01-30,Innervision Records,SG0C77037D773049129A31E36334E89B9C,0,,,,13,0.083333333,,,171,-0.080645161,,,21,-0.322580645,,,0,,,,12,,,,186,,,,31,,,
Give It All You Got,Rick Braun,2025-11-24,Brauntosoarus,SG0EEAACC9DA3041CFA2425770B2F52D91,0,,,,13,0,,,101,-0.288732394,,,1,-0.5,,,0,,,,13,,,,142,,,,2,,,
City Walk,Carol Albert,2025-06-20,CAHARA MUSIC,SG0FA62451E1274A319DBF112AAE76F570,0,,,,13,0,,,11,-0.214285714,,,0,,,,0,,,,13,,,,14,,,,0,,,
Unlimited,Gregory Goodloe,2025-08-04,Hip Jazz Records,SGA11B8D87364244C2A65227F851CBB98A,0,,,,13,0.083333333,,,7,-0.125,,,0,,,,0,,,,12,,,,8,,,,0,,,
So Much To Say,Paul Brown,2025-04-23,Shanachie,SGC212B40888F64F59BBE62569BA09D726,0,,,,13,1.6,,,43,0.131578947,,,7,-0.125,,,0,,,,5,,,,38,,,,8,,,
Red Lights,Skinny Hightower,,,SGEDA8BE5D845544F09446F83A6052E143,0,,,,13,-0.071428571,,,,,,,,,,,0,,,,14,,,,,,,,,,,
Chillax,Norman Brown,2026-02-13,Shanachie,SG06DF48F8D4E54980B0414CD774024749,0,,,,12,0,,,138,-0.345971564,,,10,2.333333333,,,0,,,,12,,,,211,,,,3,,,
Let It Go,JJ Sansaverino,2026-01-10,Innervision Records,SG1072358F0C314663A4B8D95B4CF9C9AA,0,,,,12,0.090909091,,,45,0.451612903,,,8,1,,,0,,,,11,,,,31,,,,4,,,
Nouveau Soul,Mindi Abair,2025-06-13,Pretty Good For A Girl Records,SGED5D1B1970D344068FDE1CAAE623C661,0,,,,12,0.090909091,,,58,0.234042553,,,3,-0.7,,,0,,,,11,,,,47,,,,10,,,
Speakeasy,Jeff Ryan,2024-09-06,Woodward Avenue Records,SGDEFBA97E4D134AF5AA50D76F63840D35,0,,,,11,-0.153846154,,,7,-0.3,,,0,,,,0,,,,13,,,,10,,,,0,,,
Onward and Upward,3rd Force,2025-04-23,TSR RECORDS,SG0271783205374959812E884A1A4F1948,0,,,,8,-0.333333333,,,27,0.421052632,,,4,1,,,0,,,,12,,,,19,,,,2,,,
Gentleman Blue,Elysia Biro,2026-01-16,VERVE,SG65FE41D5F83D4042B81CE3F3F27D89CD,0,,,,8,0.142857143,,,7559,-0.012024572,,,744,0.082969432,,,0,,,,7,,,,7651,,,,687,,,
Slow Motion,Avery Raquel,2026-03-06,Avery Raquel,SG5F05FD84F7EE42D484FC5710BC8D7B57,0,,,,7,0,,,170,-0.241071429,,,24,0.411764706,,,0,,,,7,,,,224,,,,17,,,
Laughter,Alexander Boynton Jr. Feat. David Mann,,,SG998048B802AD41058566723446515A76,0,,,,7,0,,,,,,,,,,,0,,,,7,,,,,,,,,,,
Dancing in the Sand,Steve Oliver,2026-02-27,Wide Sky Records,SGF180C27D020841FAB29EF535B37F8B1B,0,,,,7,0,,,41,-0.108695652,,,15,0.666666667,,,0,,,,7,,,,46,,,,9,,,
Pacific Breeze,The Rahn Brothers,2025-08-30,Side 2 Music,SGD89504E05FE94F21B8240D43D4668E16,0,,,,6,-0.142857143,,,3,-0.625,,,0,-1,,,0,,,,7,,,,8,,,,1,,,
Make It Last,Michael Broening,2026-01-16,B-Hive Records,SG284687A974EF46C6977BAE9297CA5FBC,0,,,,5,,,,17,0.214285714,,,2,-0.333333333,,,0,,,,0,,,,14,,,,3,,,
Just Wait A Minute,Elysia Biro,2025-09-12,Universal Music Canada Inc./Deutsche Grammophon GmbH,SG8E8FD0AB8CC049A293BF436CAC5378DC,0,,,,4,1,,,1582,0.080601093,,,163,0.21641791,,,0,,,,2,,,,1464,,,,134,,,
2001: A Space Odyssey,Lou Pomanti,,Vesuvius Music Inc.,SG9E16EEEBB6224D6C98266CDB1A45DEB3,0,,,,4,1,,,2,-0.6,,,0,,,,0,,,,2,,,,5,,,,0,,,
Water,Tyla,2023-07-17,EPIC,SGD5537112164740839CA2601F3F12941E,0,,,,4,3,,,247108,-0.010768701,,,20006,0.015378369,,,0,,,,1,,,,249798,,,,19703,,,
10 West,Walle Larsson,,Dockside Records,SGFB3570269CFB4A4991E61ACFB1E1CA25,0,,,,4,1,,,4,1,,,0,,,,0,,,,2,,,,2,,,,0,,,
Show Me,Rebecca Jade,2022-10-14,LadyJade Music,SG000E86E1D3C84886B2F526879FE1DB77,0,,,,3,,,,2,,,,0,,,,0,,,,0,,,,0,,,,0,,,
Living My Best Life,Gerald Albright,2024-05-17,Bright Music Records,SG003E4A05182040AEB0F6F99FD92FD017,0,,,,3,0.5,,,13,3.333333333,,,2,1,,,0,,,,2,,,,3,,,,1,,,
Love Planet,Mark Etheredge,2022-07-22,Vipaka Records,SG00A89B62C5844655B92CBC24F4775A4A,0,,,,3,,,,4,,,,1,,,,0,,,,0,,,,0,,,,0,,,
WHEN YOU CAN'T RESIST,Diamond Cafe,2023-11-22,EAST WEST RECOR,SG015A75BF91F54DFEB432C69D6D9CE6DF,0,,,,3,2,,,202,-0.028846154,,,17,-0.433333333,,,0,,,,1,,,,208,,,,30,,,
Sunseekers,Gabriel Mark Hasselbach,,,SG09E20B6056A94D3795A36EE225C6E905,0,,,,3,0.5,,,,,,,,,,,0,,,,2,,,,,,,,,,,
Swizzle Stick,Gabriel Mark Hasselbach,,,SG1D25FF019DD144399476466F854ED9C2,0,,,,3,,,,,,,,,,,,0,,,,0,,,,,,,,,,,
I'll Be Around,Robyn Black,,,SG48B48597F63E4343B5C47433D752FD94,0,,,,3,,,,,,,,,,,,0,,,,0,,,,,,,,,,,
Twilight,Randy Scott,2023-09-15,Trippin N' Rhythm Records,SG5AA8214C8F3144FE931F3373074E6A4E,0,,,,3,0,,,121,-0.171232877,,,3,-0.5,,,0,,,,3,,,,146,,,,6,,,
Walk Away,"Honeybear, the Band",2025-05-17,Playmor,SG82D2232D6C654AE5B2C2AF85BA101E64,0,,,,3,2,,,924,0.258855586,,,142,0.52688172,,,0,,,,1,,,,734,,,,93,,,
CARAVAN,Greg Kavanagh,2013-06-24,,SG8D9ABEA84E8E48A6B6B8D5FCE65D5471,0,,,,3,,,,0,,,,0,,,,0,,,,0,,,,0,,,,0,,,
A Kind Heart,Steve Oliver,2023-09-29,Wide Sky Records,SG906953D911D1415DAC9FC2D56FB2A2E5,0,,,,3,0,,,222,0.150259067,,,30,0.875,,,0,,,,3,,,,193,,,,16,,,
Dreams Come True,Greg Adams and East Bay Soul,,Ripa Records,SG954ED9E4313E43DCADAA621218358D7B,0,,,,3,0,,,0,,,,0,,,,0,,,,3,,,,0,,,,0,,,
Dedication,Julian Taylor,2025-06-11,HOWLING TURTLE,SG99D178AD839943D68ADB037EE5C0185E,0,,,,3,0.5,,,326,-0.060518732,,,13,3.333333333,,,0,,,,2,,,,347,,,,3,,,
Padam Padam,Kylie Minogue,2023-05-05,BMG RIGHTS MANA,SGA794E749F5FD47BF9E431C1E06AC7B72,0,,,,3,2,,,38639,0.001996784,,,2768,-0.048143054,,,0,,,,1,,,,38562,,,,2908,,,
I'll Be Around,RIPPINGTONS/OSBORNE,,,SGB07BD16B25174F309AD273C1BE2A60CE,0,,,,3,2,,,,,,,,,,,0,,,,1,,,,,,,,,,,
Stevie & Sly,Young Gun Silver Fox,2025-03-14,Blue Elan Records LLC,SGC17CC478DB9D4F21B9CAC7B073DCF212,0,,,,3,0.5,,,289,-0.064724919,,,26,-0.161290323,,,0,,,,2,,,,309,,,,31,,,
Don't Make Me Wait Too Long,Kimberly Brewer,,Kimberlily Records,SGC1F00EBB36E34EA28CFB5ABE8101F785,0,,,,3,2,,,9,0.8,,,1,,,,0,,,,1,,,,5,,,,0,,,
WHEN YOU'RE HOME,Tyler Shaw,2021-01-15,SBME,SGCBEB48C0086E469CB63429CB15B2FA18,0,,,,3,2,,,4978,-0.00876145,,,150,-0.050632911,,,0,,,,1,,,,5022,,,,158,,,
BAD DREAMS,Teddy Swims,2024-09-13,WARNER RECORDS,SGDFB87676D7D24291823B9E35AB058B98,0,,,,3,2,,,466805,0.021267426,,,31728,0.006183998,,,0,,,,1,,,,457084,,,,31533,,,
Patches Groove,Les Sabler,2024-09-02,New Vista Records,SGE124F33C8AE7469BA1E8818DD40854C7,0,,,,3,0.5,,,51,0.307692308,,,11,0.571428571,,,0,,,,2,,,,39,,,,7,,,
Man I Need,Olivia Dean,2025-11-06,PLG - Capitol,SGE168AB2A27BE4EC5B73B06A14CE4954F,0,,,,3,2,,,1535895,-0.017295753,,,118708,-0.048081858,,,0,,,,1,,,,1562927,,,,124704,,,
Chill@Will,Gabriel Mark Hasselbach,2021-05-07,Mesa BlueMoon Recordings,SGE6DA1C4299844EC49F9310DDDB113FA4,0,,,,3,2,,,3,-0.571428571,,,0,-1,,,0,,,,1,,,,7,,,,5,,,
The Sunshine Coast,Thirsty Howell,,Thirsty Howell,SGED0912E78E12489696D109CDA6597277,0,,,,3,0.5,,,0,,,,0,,,,0,,,,2,,,,0,,,,0,,,
I Knew You Were Waiting,George Michael & Aretha Franklin,1986-10-01,Arista/Legacy,SGF34C52C4687C4BE38CF0A16544994801,0,,,,3,,,,289,-0.036666667,,,4,-0.5,,,0,,,,0,,,,300,,,,8,,,
Libre,Jesse Cook,2021-09-10,Coach House Music,SGF58866694EC24EABB15F4517B51BFA1F,0,,,,3,2,,,455,-0.151119403,,,25,0.470588235,,,0,,,,1,,,,536,,,,17,,,
West Side Jet,Young Gun Silver Fox,2022-06-17,Candelion YGSF,SG0031FD2F1D4440D7B312972227DBB591,0,,,,2,1,,,254,0.011952191,,,28,0.217391304,,,0,,,,1,,,,251,,,,23,,,
This Time Around,Four80East,2023-07-31,Boomtang Records,SG0134CEF88BF94446B33C5D8FF93EC71F,0,,,,2,-0.333333333,,,283,-0.26873385,,,39,0.026315789,,,0,,,,3,,,,387,,,,38,,,
Smooth Soul,Erin Stevenson,2024-07-26,Innervision Records,SG03A30E0B63C846729138E7F688AA4EFD,0,,,,2,1,,,18,0.2,,,1,-0.5,,,0,,,,1,,,,15,,,,2,,,
It's You,Lin Rountree,2023-01-25,Trippin 'n Rhythm,SG05F8A1CE10A0401EB8A0554CE6004286,0,,,,2,1,,,1815,-0.138176638,,,83,-0.135416667,,,0,,,,1,,,,2106,,,,96,,,
Deep Into It,Paul Brown,2020-08-14,Woodward Avenue Records,SG0960DFAC553C45C5AD34357CA1833A25,0,,,,2,,,,60,0.578947368,,,2,,,,0,,,,0,,,,38,,,,0,,,
Leave The Door Open,Silk Sonic,2021-03-04,WM Korea,SG0BE88B4B71804A86AC97766359076AE7,0,,,,2,0,,,226087,0.127402288,,,21120,0.108777824,,,0,,,,2,,,,200538,,,,19048,,,
Blue Mystique,Brian  Simpson,2025-01-29,Shanachie,SG0C5F419586D24EB5880C2DFF6606DD08,0,,,,2,1,,,27,-0.564516129,,,1,0,,,0,,,,1,,,,62,,,,1,,,
Night in the Algarve,Nils,2022-07-20,TSR RECORDS,SG13BD65815FB14264B2BA183A23DD7749,0,,,,2,1,,,10,0.25,,,2,,,,0,,,,1,,,,8,,,,0,,,
After All,"Charlie Puth, Elton John",2021-09-22,EMI,SG158BFC047F3145938331C4C0A99F7C60,0,,,,2,0,,,2283,-0.066257669,,,224,0.082125604,,,0,,,,2,,,,2445,,,,207,,,
Ridin' The Wave,Vincent Ingala,2021-09-17,Shanachie,SG15C7114621A84CBC881902085676A570,0,,,,2,,,,681,0.059097978,,,38,0.357142857,,,0,,,,0,,,,643,,,,28,,,
Just Doing Me,Marion Meadows,2024-08-21,Shanachie,SG1D1E04ACCA7A494C9C5C087C968215D1,0,,,,2,1,,,24,-0.04,,,4,0,,,0,,,,1,,,,25,,,,4,,,
Passport to Paradise,Elan Trotman,,Island Muzik,SG2443D60D00A54EA3A362684929715F9C,0,,,,2,0,,,3,0.5,,,0,,,,0,,,,2,,,,2,,,,0,,,
My Secret,Cat Levan,2025-02-25,Wide Sky Records,SG2487B7B7A2EC4DF68BE14C66998F4C83,0,,,,2,0,,,0,-1,,,0,-1,,,0,,,,2,,,,1,,,,1,,,
I Think Of You,Alex Cuba,,Caracol Records,SG249C1EFB95204F2BBFEB6D30E58877EB,0,,,,2,0,,,67,-0.373831776,,,1,-0.833333333,,,0,,,,2,,,,107,,,,6,,,
Legacy,Kenny G,2021-11-12,Concord Records,SG24BC16380B974B6A94CF15243D44641A,0,,,,2,,,,2952,-0.11880597,,,172,-0.049723757,,,0,,,,0,,,,3350,,,,181,,,
"Right On, Right On",Adam Hawley,2021-09-10,MBF Entertainment,SG256D9072293B4369B39BD89B627E2222,0,,,,2,1,,,10,-0.166666667,,,2,,,,0,,,,1,,,,12,,,,0,,,
Trippin',Black Tie Affair Feat. Dennis van Aarssen,2025-05-23,BTA MUSIC POWERED BY AOE,SG2DEFC53040844E8C9042937488FB3A4E,0,,,,2,0,,,21,-0.045454545,,,1,-0.5,,,0,,,,2,,,,22,,,,2,,,
Suzanne,"Mark Ronson,RAYE",2025-06-03,RCA,SG2ECE8B5E59F04CCC9A124CD0E1611EC9,0,,,,2,-0.5,,,59821,0.069722113,,,5766,-0.154917192,,,0,,,,4,,,,55922,,,,6823,,,
One More Day,Chris Smith,,GKM,SG336C72B539714091B4D052CA684A5858,0,,,,2,,,,0,,,,0,,,,0,,,,0,,,,0,,,,0,,,
Absolute Love,Adam Hawley,2024-03-22,MBF Entertainment,SG35585DFEC996406C9FA1B3A7E0348636,0,,,,2,,,,6,-0.25,,,0,,,,0,,,,0,,,,8,,,,0,,,
Wrapped up in Your Smile,Dave Koz,2022-09-23,Just Koz Entertainment,SG3CF96DCB8DAE4B39AEE93D7C02C8166F,0,,,,2,1,,,63,-0.192307692,,,12,0.714285714,,,0,,,,1,,,,78,,,,7,,,
Deep Is the Midnight Sea,David Blamires Group,1991-01-01,David Blamires Group,SG3E685B2AAFA84BA6A7E28CEC14FE7AD4,0,,,,2,-0.333333333,,,23,0.045454545,,,5,0.666666667,,,0,,,,3,,,,22,,,,3,,,
We Will Meet Again,Monkey House,2022-06-24,Alma Records HD,SG3EA909111CA94A22910B3FC756373979,0,,,,2,1,,,13,0.3,,,0,,,,0,,,,1,,,,10,,,,0,,,
Sassified,Lisa Addeo,2023-06-23,Little Black Dress Records,SG4007BD9363B646EFBBC5F81CE497CD58,0,,,,2,1,,,232,0.18974359,,,32,-0.111111111,,,0,,,,1,,,,195,,,,36,,,
DANCING ON YOUR OWN,The Free Label,2025-04-03,The Free Label,SG457CB9625B5C4FE39462FD9805BB8579,0,,,,2,0,,,722,0.275618375,,,86,0.048780488,,,0,,,,2,,,,566,,,,82,,,
From The Start,Mei Mei The Bunny,2023-05-02,LAUFEY LLC,SG4B8C283C6F8B457B8F8A8C789A9F7551,0,,,,2,0,,,369733,0.0380131,,,32296,0.041940896,,,0,,,,2,,,,356193,,,,30996,,,
The Closer We Get,Dave Koz,2020-09-04,Just Koz Entertainment Inc,SG4EBEDE0BBFA34DB08122A6D984B17AAE,0,,,,2,0,,,132,0.081967213,,,12,1.4,,,0,,,,2,,,,122,,,,5,,,
Love's Train,"Bruno Mars, Anderson .Paak, Silk Sonic",2021-11-12,Warner Music Group - X5 Music Group,SG516B36D463404E9692E0F4978FCBD1C6,0,,,,2,-0.5,,,32832,0.063935967,,,3632,0.056735525,,,0,,,,4,,,,30859,,,,3437,,,
Salt Then Sour Then Sweet,SARA BAREILLES FEAT. BRANDI CARLILE,2025-11-14,EPIC,SG51EE18C4EA3B43BC90F2AB9BD50F35F5,0,,,,2,1,,,22815,-0.08597412,,,1022,-0.22044241,,,0,,,,1,,,,24961,,,,1311,,,
In the Shade,Randy Bachman,,12 Hit Wonder Canada Ltd.,SG55D0F984788C417984E15F2A473CF2ED,0,,,,2,1,,,6,0,,,1,-0.5,,,0,,,,1,,,,6,,,,2,,,
Sunset Drive,Groove 55,2021-07-06,laketunes.com,SG56D8BCCD60304A939185B9911B8018A2,0,,,,2,0,,,0,,,,0,,,,0,,,,2,,,,0,,,,0,,,
100%,Terrell Edwards,2021-09-17,RHINO RECORDS,SG5803EF74B142425280ADAD5914847909,0,,,,2,1,,,2,0,,,0,,,,0,,,,1,,,,2,,,,0,,,
Crescent City Strut,Les Sabler,2020-12-16,New Vista Records,SG5968BC497A6942AAAC4447660A1A8E26,0,,,,2,,,,351,0.729064039,,,36,0.5,,,0,,,,0,,,,203,,,,24,,,
Goin' out of My Head,Johnny Britt,2023-03-17,J-JAMS Records,SG5B5D6E47245849779A575808E322DF45,0,,,,2,,,,1,,,,0,,,,0,,,,0,,,,0,,,,0,,,
Sweet Baby,Dw3,,Woodward Avenue Records,SG5B6F0E3C540D40BEB5F0127401696EBC,0,,,,2,0,,,2,-0.333333333,,,0,,,,0,,,,2,,,,3,,,,0,,,
Too Sweet,Hozier,2024-03-13,COL,SG5B75B82113DB4780B844E1B819BAF79A,0,,,,2,-0.5,,,718058,0.056492786,,,47269,0.053371663,,,0,,,,4,,,,679662,,,,44874,,,
Freedom Drive,Steve Oliver,2023-09-29,Wide Sky Records,SG5FF2403F21F249E595165B18AD9FAFE8,0,,,,2,0,,,45,0.363636364,,,8,-0.272727273,,,0,,,,2,,,,33,,,,11,,,
Bottle Up Magic,Rebecca Jade,,LadyJade Music,SG602B8F99675241999224D9AC1CF32119,0,,,,2,,,,5,-0.166666667,,,0,-1,,,0,,,,0,,,,6,,,,1,,,
What You Do To Me,Nick Colionne,2022-03-11,Trippin N' Rhythm Records,SG6245064A1B3E4322AC6711612274D41E,0,,,,2,,,,2989,0.010480054,,,271,0.106122449,,,0,,,,0,,,,2958,,,,245,,,
Let's Stay Home Tonight,Kärma Sounds,,Kärma Sounds Music,SG6632881D5EA74358996E399075DF4621,0,,,,2,1,,,1,,,,0,,,,0,,,,1,,,,0,,,,0,,,
Heading North,Gabriel Mark Hasselbach,,Mesa BlueMoon Recordings,SG6659E4BAE67E4CB3965BABF1A9176DCA,0,,,,2,0,,,9,2,,,5,1.5,,,0,,,,2,,,,3,,,,2,,,
SELFISH,Justin Timberlake,2024-01-05,RCA,SG66B4B0D99C1546FEB84CF492366A315D,0,,,,2,1,,,34683,-0.025183395,,,1965,-0.076597744,,,0,,,,1,,,,35579,,,,2128,,,
Gonna Be Alright,Four80East,,Boomtang Records,SG66FCDCECF25F4A8B82571C165C01CE45,0,,,,2,1,,,30,-0.25,,,2,1,,,0,,,,1,,,,40,,,,1,,,
Tell Me Where it Hurts,Marc Jordan,,"Cafe Productions, Inc",SG694E56211804406F9AB475D375517CA7,0,,,,2,1,,,150,-0.019607843,,,1,-0.5,,,0,,,,1,,,,153,,,,2,,,
Lose Control,Teddy Swims,2023-06-23,WARNER RECORDS,SG6F32D8D0801A45519F4A9E4A7A2E14DC,0,,,,2,-0.333333333,,,1044088,0.036259063,,,52154,0.02088594,,,0,,,,3,,,,1007555,,,,51087,,,
Be More,Stephen Sanchez,2023-07-24,Mercury Records / Republic Records,SG6FCB78EB32B24DE09EB08D8BCC3DCA52,0,,,,2,-0.333333333,,,18236,0.044683776,,,1647,0.064641241,,,0,,,,3,,,,17456,,,,1547,,,
B Positive,Rob Tardik Feat. Dave Koz,,,SG70CF8E3026AD4AD8902D7F840112C7F9,0,,,,2,0,,,,,,,,,,,0,,,,2,,,,,,,,,,,
I'm OK,Lindsey Webster,2022-07-06,Shanachie,SG715C78D6BE414E658CF49A9220549832,0,,,,2,1,,,29,0.115384615,,,3,2,,,0,,,,1,,,,26,,,,1,,,
Very Delicious,Richard Elliot,2024-07-03,Shanachie,SG75BB60E2773B490D926E1BC9579D6353,0,,,,2,,,,128,0.230769231,,,12,0,,,0,,,,0,,,,104,,,,12,,,
All I See,Molly Johnson,2025-08-22,Molly Johnson,SG7896A6E0032944DBA0E6500FC7B7CFFA,0,,,,2,0,,,203,-0.105726872,,,4,-0.2,,,0,,,,2,,,,227,,,,5,,,
Kissed By The Sun,Gabriel Mark Hasselbach,,Windtunnel Records,SG7915336AD56A418D93186687CDBF1BB5,0,,,,2,0,,,504,0.282442748,,,68,0.581395349,,,0,,,,2,,,,393,,,,43,,,
ONE WOMAN,Eric Clapton,2024-09-20,Bushbranch / Surfdog Records,SG7DF8F192BA784D0384A52314F457788E,0,,,,2,1,,,189,-0.030769231,,,8,-0.111111111,,,0,,,,1,,,,195,,,,9,,,
Stay With Me,Lindsey Webster,2022-07-06,Shanachie,SG7E67EDCEBD414859934DE296B7AC7EC0,0,,,,2,,,,14,0.4,,,6,,,,0,,,,0,,,,10,,,,0,,,
Let It Breathe,Michael Broening,2023-02-03,Trippin 'n Rhythm,SG7FB845714A63491B9127244716ED9521,0,,,,2,1,,,133,-0.095238095,,,7,-0.5625,,,0,,,,1,,,,147,,,,16,,,
Ventura Highway,"DW3, Peter White",2025-04-18,Woodward Avenue Records,SG8149210274354792ABF6BF9ECDA5F4B4,0,,,,2,1,,,56,-0.341176471,,,8,0.333333333,,,0,,,,1,,,,85,,,,6,,,
Light Of The World,Darren Rahn,2025-05-03,Side 2 Music,SG8154DF74EBC64D88905A1C6EB300A45A,0,,,,2,1,,,12,0.5,,,1,-0.5,,,0,,,,1,,,,8,,,,2,,,
NIGHTSHIFT,Bruce Springsteen,2022-10-03,COL,SG841519E3392C4FB0A14BB5507E61F57D,0,,,,2,,,,2573,-0.160522023,,,188,-0.06,,,0,,,,0,,,,3065,,,,200,,,
TURN THE LIGHTS BACK ON,Billy Joel,2024-02-01,COL,SG8418E33CFA864D8B8E114493AB408664,0,,,,2,1,,,8103,0.001235636,,,387,-0.069711538,,,0,,,,1,,,,8093,,,,416,,,
Table For Two,Darren Rahn,2001-12-23,Side 2 Music,SG866B325BCB4B4F85A9A37F717FDF6C6B,0,,,,2,-0.333333333,,,66,0.2,,,6,0.5,,,0,,,,3,,,,55,,,,4,,,
One On One,Saved By Violet,,Saved By Violet Records,SG90D3A5287C214ACDBC4D6F4BD224F517,0,,,,2,0,,,0,,,,0,,,,0,,,,2,,,,0,,,,0,,,
Ocean Breeze,Tim Bowman,2024-01-08,"Nia Music Distribution, Llc.",SG932AF450450D4000AF7C6797F9F18B06,0,,,,2,1,,,180,0,,,21,-0.045454545,,,0,,,,1,,,,180,,,,22,,,
Sweet Cherry,Diamond Cafe,2024-09-06,WARNER MUSIC CA,SG970F3BACA9B74AB8B7292FDBD26CC1C9,0,,,,2,,,,293,,,,15,,,,0,,,,0,,,,0,,,,0,,,
Everlasting,Darren Rahn,2022-03-04,Side 2 Music,SG98A56C66A8D04510A96C3E828E5BAE49,0,,,,2,0,,,65,0.756756757,,,4,,,,0,,,,2,,,,37,,,,0,,,
Last Train Home,John Mayer,2021-05-25,Columbia,SG9B53F5AB278D44739672AF7C9B8D0B8A,0,,,,2,-0.333333333,,,14670,-0.075148153,,,1182,-0.002531646,,,0,,,,3,,,,15862,,,,1185,,,
Blast,The Rahn Brothers,2024-05-10,Side 2 Music,SG9CFFE78AB0B84146BCBA6033E592EDC9,0,,,,2,0,,,7,0.4,,,0,-1,,,0,,,,2,,,,5,,,,1,,,
As,Wendy Moten,2022-08-19,Woodward Avenue Records,SGA4073D4B7C2D47E2A08FC3A493E488F2,0,,,,2,1,,,3,-0.5,,,0,-1,,,0,,,,1,,,,6,,,,1,,,
About Damn Time,Lizzo,2022-04-13,ATLANTIC,SGA43E5A8AC6294783931C581654B8447C,0,,,,2,0,,,130684,0.075588477,,,9325,0.067177844,,,0,,,,2,,,,121500,,,,8738,,,
Feels So Right,Blake Aaron,2021-07-16,Innervision Records,SGA5453C7257604A9385CBB9F29F54F951,0,,,,2,,,,38,,,,8,,,,0,,,,0,,,,0,,,,0,,,
HONEY,Lenny Kravitz,2024-03-15,BMG Rights Management GmbH,SGAAC59FA656B1441FA002B79A2AE4FF96,0,,,,2,,,,5473,0.081406837,,,586,0,,,0,,,,0,,,,5061,,,,586,,,
Fancy Footwork,Ragan Whiteside,2025-08-01,Randis Music,SGAE1344CA62574E18A1901B3BBD375E3E,0,,,,2,,,,256,-0.019157088,,,29,0.115384615,,,0,,,,0,,,,261,,,,26,,,
Follow Me,Julian Vaughn,2025-08-15,Piccolo Music,SGB26A57821833410B8CF15AB62929B0CA,0,,,,2,,,,132,-0.083333333,,,14,-0.333333333,,,0,,,,0,,,,144,,,,21,,,
Every Kinda People,AOS (Architects Of Sound),,,SGB59F72F98EF6477AA4F5749146CCD34B,0,,,,2,-0.6,,,,,,,,,,,0,,,,5,,,,,,,,,,,
FEELSLIKEIMFALLINGINLOVE,Coldplay,2024-06-11,ATLANTIC,SGB8358E3054D3495BA3FE9F9691171E1A,0,,,,2,0,,,82416,0.065659831,,,6495,0.099356804,,,0,,,,2,,,,77338,,,,5908,,,
Presence of Mind,Gabriel Mark Hasselbach,,Mesa BlueMoon Recordings,SGB934D6D9746A421CB9838DF85C320074,0,,,,2,0,,,5,0,,,0,-1,,,0,,,,2,,,,5,,,,2,,,
Your Love Kept Calling My Name,Shaun Labelle,2024-05-27,Noggy,SGBDA6F1E6B69D48C390E3343375BEB0EE,0,,,,2,1,,,3,,,,1,,,,0,,,,1,,,,0,,,,0,,,
LEARN TO LET GO,THE DOOBIE BROTHERS,2025-03-12,RHINO RECORDS,SGC5086D96DF814302824DA113E0ABCDD8,0,,,,2,0,,,975,-0.008138352,,,49,0.065217391,,,0,,,,2,,,,983,,,,46,,,
French Blues,The Frost Duo,2023-04-07,The Frost Duo,SGC514228FD9FB4162A1217503710770E9,0,,,,2,,,,6,,,,0,,,,0,,,,0,,,,0,,,,0,,,
I Don't Mind,Maysa,2023-01-02,Blue Velvet Soul Records,SGC6088BF12D1A4B1CB28718F668C9ADD9,0,,,,2,1,,,578,-0.117557252,,,2,-0.6,,,0,,,,1,,,,655,,,,5,,,
Meant To Be,Slim Man,,Oui Oui Music,SGCB45EE5823C14DA1BA6826E218C72F49,0,,,,2,,,,0,,,,0,,,,0,,,,0,,,,0,,,,0,,,
Moonshine,Young Gun Silver Fox,2023-03-10,Mixto Records,SGCE2031D803E04FF6A2A9AF71E866A9E1,0,,,,2,,,,207,,,,30,,,,0,,,,0,,,,0,,,,0,,,
Bombay Beach,Bona Fide,2023-09-08,Slim Man,SGD0B28112BE93456E9E31AE39C990B3D2,0,,,,2,1,,,3,-0.25,,,0,,,,0,,,,1,,,,4,,,,0,,,
Our Groove,JC Sol,,JC SOL,SGD1F37A61B17044DA8F2A83EE97DE1B66,0,,,,2,1,,,2,-0.333333333,,,0,,,,0,,,,1,,,,3,,,,0,,,
Westchester Lady,Bob James,1995-10-10,evosound,SGD285B28D19F449AE9146E4F52FCEC683,0,,,,2,1,,,859,-0.016036655,,,43,-0.306451613,,,0,,,,1,,,,873,,,,62,,,
Easy,Tim Bowman,2023-03-12,"Nia Music Distribution, Llc.",SGDD82AD8B24E64735B33BA65943D54FFF,0,,,,2,,,,74,0.121212121,,,4,0.333333333,,,0,,,,0,,,,66,,,,3,,,
Catalina Kiss,Acoustic Alchemy,1989-01-01,GRP,SGE63E96A407C94FEC889F4FF5D1940437,0,,,,2,1,,,238,-0.055555556,,,38,0.652173913,,,0,,,,1,,,,252,,,,23,,,
G-Wiggle,Gerald Albright,2022-04-29,Bright Music Records,SGEAE3881AA9794EA3B3A06E45520E055B,0,,,,2,1,,,545,-0.100660066,,,1,-0.666666667,,,0,,,,1,,,,606,,,,3,,,
Family Reunion,Dave Koz & Cory Wong,2021-06-11,"Just Koz Entertainment, Inc.",SGF770404A347F4004ABE779F068798B83,0,,,,2,0,,,14,-0.066666667,,,2,-0.333333333,,,0,,,,2,,,,15,,,,3,,,
Litmus Test,Gabriel Mark Hasselbach,,Mesa BlueMoon Recordings,SGF8364AA102E94820835719B15E6ACAEF,0,,,,2,-0.333333333,,,1,-0.5,,,1,-0.5,,,0,,,,3,,,,2,,,,2,,,
Shadow Dancer,Vincent Ingala,2021-09-17,Shanachie,SGF9173172FE9C454C8EC3E92082848652,0,,,,2,,,,143,-0.143712575,,,9,0,,,0,,,,0,,,,167,,,,9,,,
Skyway,Steve Oliver,2023-04-28,Wide Sky Records,SGF9AF3330C60D4B728E35CB183BAB82EE,0,,,,2,1,,,545,-0.005474453,,,71,0.577777778,,,0,,,,1,,,,548,,,,45,,,
Sundaying,Monkey House,2025-04-09,Alma Records,SGFEC19BA67C174C33B8594937390F6173,0,,,,2,,,,29,,,,2,,,,0,,,,0,,,,0,,,,0,,,
The Way She Moves,Michael Broening,2023-02-03,Trippin N' Rhythm Records,SG03081AD1B18643A5A90E45D7378329F3,0,,,,1,0,,,31,-0.138888889,,,2,-0.333333333,,,0,,,,1,,,,36,,,,3,,,
Missing You,Jackiem Joyner,2023-04-14,Joyner Media Company LLC,SG03EEC64F852C4FD495861FEF6A3F9071,0,,,,1,0,,,4,0,,,0,-1,,,0,,,,1,,,,4,,,,2,,,
Blue Magic,Nicholas Cole,2025-05-16,Trippin N' Rhythm Records,SG04FDA6AB815D4F2DA6E24C60572B4AAD,0,,,,1,,,,82,-0.088888889,,,7,-0.5625,,,0,,,,0,,,,90,,,,16,,,
Meant To Be,Special EFX & Chieli Minucci,2024-12-31,ChieliMusic,SG085120C816644C78B914808636038DC3,0,,,,1,,,,34,0,,,1,-0.666666667,,,0,,,,0,,,,34,,,,3,,,
Liquid Soul,Chris Standring,2008-01-01,Ultimate Vibe Recordings,SG086EC84DCB8F42A28E12D7728E7201DA,0,,,,1,0,,,2698,-0.062869052,,,295,-0.12202381,,,0,,,,1,,,,2879,,,,336,,,
"Make Me Say It Again, Girl",Ronald Isley & The Isley Brothers Feat. Beyoncé,2022-07-25,RI Top Ten,SG087B96F34E8446299108C6F6B5802892,0,,,,1,-0.5,,,142,0.007092199,,,10,0.25,,,0,,,,2,,,,141,,,,8,,,
The Right Time,Pamela Williams,,Saxtress Entertainment,SG0A3B1C0C80F24E41BA0D8F877D84C092,0,,,,1,,,,0,,,,0,,,,0,,,,0,,,,0,,,,0,,,
Oh Happy Day,Ramsey Lewis,1970-08-25,Geffen,SG0BEB2EA3E8C24E94B98AF32351237C34,0,,,,1,,,,37,,,,3,,,,0,,,,0,,,,0,,,,0,,,
Full Throttle,Gerald Albright,2024-04-22,Bright Music Records,SG0E122C88781B44DC939758F1CD636386,0,,,,1,,,,7,-0.125,,,1,0,,,0,,,,0,,,,8,,,,1,,,
That's What I Know,Jay Rowe,2024-07-19,John D. Rowe,SG0E609490E4FC42E2B5F1C3350535B30A,0,,,,1,-0.5,,,5,4,,,1,,,,0,,,,2,,,,1,,,,0,,,
The Secret Drawer,Bob James,2023-08-04,evosound,SG1034418E78A74D89BC5838B15C315A20,0,,,,1,0,,,23,1.090909091,,,3,2,,,0,,,,1,,,,11,,,,1,,,
Let's Get Down Tonight,Adam Hawley,2021-09-10,MBF Entertainment,SG140EBC1208074707962E24A979844BC5,0,,,,1,-0.5,,,18,-0.142857143,,,1,,,,0,,,,2,,,,21,,,,0,,,
7 And 7,Paul Brown,2022-07-15,Shanachie,SG1871862CF22641E9BA0C81723655DBB5,0,,,,1,,,,9,2,,,1,-0.5,,,0,,,,0,,,,3,,,,2,,,
Descendant,Jann Arden,2022-01-28,EVERYTHING TO EVERYONE,SG1AD5DD56EEC141A1977D40D692773474,0,,,,1,,,,227,,,,11,,,,0,,,,0,,,,0,,,,0,,,
Teardrops In The Rain,Jeff Lorber,2024-08-09,SoNo Recording Group,SG1D19C973332A4D189377E8DBFB4E3E8F,0,,,,1,,,,348,0.318181818,,,34,1.125,,,0,,,,0,,,,264,,,,16,,,
TICKET TO PITTSBURGH,David Garfield,,Creatchy Records,SG21047D169DAC49C19E85A540E35F845D,0,,,,1,,,,2,,,,0,,,,0,,,,0,,,,0,,,,0,,,
"""Southern Winds""",Doc Powell,,DPR Music Group,SG2138B196DD13452CBFD006E71F617306,0,,,,1,0,,,29,-0.033333333,,,0,,,,0,,,,1,,,,30,,,,0,,,
I Saw You,Castella,,Castella Music,SG214EB990A75C44C7A30CB2450EED6FBD,0,,,,1,-0.5,,,4,0.333333333,,,0,,,,0,,,,2,,,,3,,,,0,,,
Stone Cold,Pamela Williams,,Saxtress Entertainment,SG21DFFD2951A04B7181306D5174DBC660,0,,,,1,-0.5,,,7,0,,,0,,,,0,,,,2,,,,7,,,,0,,,
Sunshine Yellow,Carol Albert,2024-01-26,CAHARA MUSIC,SG238B10E2270F4A468319F1C4313D27D8,0,,,,1,0,,,27,0.038461538,,,3,0.5,,,0,,,,1,,,,26,,,,2,,,
Let's Get Lost,Blake Aaron,2025-01-03,Innervision Records,SG23DD553913354E2490E864B69A9665EB,0,,,,1,,,,78,0.418181818,,,16,0.333333333,,,0,,,,0,,,,55,,,,12,,,
Music In Me,Lindsey Webster,2025-12-24,Shanachie,SG2479827F2FCF4FDE84D0B9B4EC02F3CC,0,,,,1,-0.857142857,,,70,0.111111111,,,7,2.5,,,0,,,,7,,,,63,,,,2,,,
Lokichogio,Jackiem Joyner,2024-10-14,Joyner Media Company LLC,SG26102463D6C04787819978D258225044,0,,,,1,,,,5,-0.444444444,,,0,-1,,,0,,,,0,,,,9,,,,1,,,
Tickle Time,Herb Alpert,2022-09-30,Herb Alpert Presents,SG28E20BEC4A1449B19F4CE4AAEBD33E85,0,,,,1,,,,46,,,,1,,,,0,,,,0,,,,0,,,,0,,,
Stepping Hot,Lemek,2025-05-23,Trippin N' Rhythm Records,SG2B0EA7658DF44045BAA512D2539C361D,0,,,,1,-0.5,,,20,0.428571429,,,3,2,,,0,,,,2,,,,14,,,,1,,,
Underdog,Michael Kaeshammer,2025-02-14,SNY,SG2B47C7FE59C2454780557F99CCA522BF,0,,,,1,0,,,35,0.129032258,,,3,-0.25,,,0,,,,1,,,,31,,,,4,,,
Die With A Smile,"Lady Gaga, Bruno Mars",2024-08-16,Interscope,SG2D24B59E9E2B4D2B96D7CD2B2B04B19F,0,,,,1,-0.5,,,850772,-0.019697719,,,52841,0.016348983,,,0,,,,2,,,,867867,,,,51991,,,
I Want To Be With You,Tim Bowman,2025-01-24,"NIA Music Distribution, LLC",SG2E286B1EF8C0469FAF308E0828DC2F58,0,,,,1,0,,,37,-0.075,,,2,-0.666666667,,,0,,,,1,,,,40,,,,6,,,
Bon Appétit,Jonathan Butler,2023-04-28,Artistry Music,SG2F70C7D30A6B4FB2AEEB74166B338F38,0,,,,1,-0.666666667,,,1024,-0.061411549,,,73,0.073529412,,,0,,,,3,,,,1091,,,,68,,,
Twenty,Dee Lucas,2024-09-20,ODL Music,SG2F87E96F41AD4472A1378ED0479CB196,0,,,,1,0,,,110,0.182795699,,,11,0.571428571,,,0,,,,1,,,,93,,,,7,,,
Chocolate Shake,Chris Standring,2024-04-05,Ultimate Vibe Recordings,SG31182252F5814CD299C6A2E9068FADF4,0,,,,1,0,,,37,0.088235294,,,0,-1,,,0,,,,1,,,,34,,,,1,,,
Runnin' from Myself,Maysa,2024-03-29,Blue Velvet Soul Records,SG3293F0C638284D90A504A2216B8612FE,0,,,,1,0,,,25,0.923076923,,,2,,,,0,,,,1,,,,13,,,,0,,,
Make Sure You're Sure,Maysa,,Blue Velvet Soul Records,SG33A7BE93F22648009217991D668E8642,0,,,,1,0,,,9,0.5,,,2,1,,,0,,,,1,,,,6,,,,1,,,
Rocky Mountain Lullaby,Laila Biali,2024-10-04,Empress Music Group,SG34494F139E67465AA4C3A649B6EEE48A,0,,,,1,0,,,207,-0.067567568,,,22,0.375,,,0,,,,1,,,,222,,,,16,,,
Midnight In Paris,Johnny Britt,2024-11-29,J-JAMS Records,SG3551CA8E31A64702A7EF6CA5F6901BAF,0,,,,1,0,,,10,0.666666667,,,0,,,,0,,,,1,,,,6,,,,0,,,
Remember Who You Are (Shining Star),Karma Sounds,,,SG359369926B1443ABB397E1C1F2E3F7CD,0,,,,1,-0.5,,,,,,,,,,,0,,,,2,,,,,,,,,,,
Whisper the Words,Gregory Abbott,2023-02-17,Mojo Man Entertainment,SG375FBE879AF842ECBFA4A0B9952D66CF,0,,,,1,0,,,0,-1,,,0,,,,0,,,,1,,,,2,,,,0,,,
Dance With a Stranger,Lake Street Dive,2024-01-31,Fantasy,SG3CC8AC4CE8494F57A91279C451B8A72C,0,,,,1,0,,,3123,0.016270745,,,376,0.146341463,,,0,,,,1,,,,3073,,,,328,,,
Valencia,Emm Gryner,2023-03-29,High Wire Records,SG3DBE0D4482C1471D9163B1635D162231,0,,,,1,0,,,18,-0.052631579,,,0,-1,,,0,,,,1,,,,19,,,,1,,,
We Got This,Pieces Of A Dream,2025-03-05,Shanachie,SG3E9BB2CB1A0D4A7586A8951E02D70305,0,,,,1,,,,18,0,,,2,0,,,0,,,,0,,,,18,,,,2,,,
Seriously?,BPM,2024-07-24,Shanachie,SG3EC8F00D682A41C288FD58D798878C78,0,,,,1,0,,,1,-0.8,,,0,,,,0,,,,1,,,,5,,,,0,,,
Somethin' About You,Thom Rotella,,Street Talk Music,SG3FE1200C9AED453C8522D624D3455C2D,0,,,,1,0,,,39,0.083333333,,,0,-1,,,0,,,,1,,,,36,,,,1,,,
Impulse,Tom Browne,2024-08-23,"BeeHorn Records, LLC",SG40CF2C7828BB4FC5A1F5B4F39ED441D0,0,,,,1,0,,,84,-0.076923077,,,4,-0.636363636,,,0,,,,1,,,,91,,,,11,,,
Paradigm Shift,Carol Albert,2022-08-05,CAHARA,SG43723EED3E1D41C1BDAFF8FFD6A25C9C,0,,,,1,0,,,39,-0.071428571,,,1,,,,0,,,,1,,,,42,,,,0,,,
Simple,Warren Hill,2023-05-05,SONGBIRD RECORDS,SG43D349AD887C4DCCB26A7A882D0A1F25,0,,,,1,-0.5,,,8,-0.272727273,,,1,0,,,0,,,,2,,,,11,,,,1,,,
Double Down,The Rahn Brothers,2023-05-03,Side 2 Music,SG449B6DA4CE4B4AAF85D281F530C4EBC5,0,,,,1,-0.5,,,28,-0.034482759,,,2,-0.6,,,0,,,,2,,,,29,,,,5,,,
THE OG BOUNCE,MICHAEL J THOMAS,2022-01-10,2022 Harbor Breeze Music / Distributed by Perry Music Group,SG44D732C307764D12B7F9632042B94530,0,,,,1,0,,,0,,,,0,,,,0,,,,1,,,,0,,,,0,,,
Love Will,Sean Jones,2025-06-27,Local Talk,SG4532E22834FA425EB180700A437195A2,0,,,,1,0,,,13,1.6,,,0,,,,0,,,,1,,,,5,,,,0,,,
Back At Ya,Norman Brown,2022-02-18,Shanachie,SG467926B878C4448FBACC6DC9670F0429,0,,,,1,0,,,2413,-0.118055556,,,130,-0.051094891,,,0,,,,1,,,,2736,,,,137,,,
Turn It Up,Michael Kaeshammer,2023-11-03,SNY,SG46D816358183402F90FD18C2477581AE,0,,,,1,0,,,85,-0.198113208,,,10,0.666666667,,,0,,,,1,,,,106,,,,6,,,
Keep Going,Rob Tardik,2025-04-04,GuiTardik Music,SG471FC5745DDB4EA89E7210A4B8D99A1C,0,,,,1,0,,,1,-0.5,,,0,,,,0,,,,1,,,,2,,,,0,,,
Fellowship,Justin-Lee Schultz,2023-08-11,Shanachie,SG487F0B5BD0D94E35BDBCB3AE4E7BEBCF,0,,,,1,,,,14,,,,0,,,,0,,,,0,,,,0,,,,0,,,
ONLY A SONG,VAN MORRISON,2021-03-23,BMG RIGHTS MANA,SG4A2F97CF5C654D9B828A1668F8CBE593,0,,,,1,,,,123,-0.151724138,,,10,0,,,0,,,,0,,,,145,,,,10,,,
Only Love Is Real,Alan Darcy,2025-08-29,Rebel Records,SG4B202286C43648BEBE996A674909D957,0,,,,1,-0.5,,,0,-1,,,0,-1,,,0,,,,2,,,,1,,,,1,,,
Midnight Sun,Darren Rahn,2021-04-18,Side 2 Music,SG4E365CDF83DF48AEB1B2160817299127,0,,,,1,-0.5,,,116,0.148514851,,,13,1.6,,,0,,,,2,,,,101,,,,5,,,
Highway 10,Ryan La Valette,2022-04-22,Trippin 'n Rhythm,SG4EE9B92FC7544A6AA87833DF83FC0218,0,,,,1,,,,1,-0.75,,,0,-1,,,0,,,,0,,,,4,,,,1,,,
Neither One Of Us,Neil Donell,,,SG50815CE667B04558B870C70FF0493FB9,0,,,,1,-0.5,,,,,,,,,,,0,,,,2,,,,,,,,,,,
Dang,Streetwize,2019-04-12,Shanachie,SG50E1258DB4174387934D35A3156AD551,0,,,,1,0,,,10,-0.375,,,0,-1,,,0,,,,1,,,,16,,,,1,,,
Rules,Carol Medina,2024-05-11,Carol Medina,SG5806AAC7C8234F86BBA6665DCD90AC44,0,,,,1,0,,,2,-0.6,,,0,-1,,,0,,,,1,,,,5,,,,2,,,
Coupe de Ville,Slim Man & Bona Fide,2022-04-25,Slim Man,SG58309131AF1D4B038F5F2C6137673A53,0,,,,1,,,,1,,,,0,,,,0,,,,0,,,,0,,,,0,,,
Believe,Erin Stevenson,2024-07-26,Innervision Records,SG589250CC7F4C4063B26D3FA7531AA728,0,,,,1,-0.5,,,6,-0.142857143,,,2,,,,0,,,,2,,,,7,,,,0,,,
Light This Candle,Slim Gambill,2023-10-06,Ludlow St. Records,SG5ABA15418346453E9F6EE16713B633D9,0,,,,1,,,,7,-0.416666667,,,1,-0.5,,,0,,,,0,,,,12,,,,2,,,
Sweet Reunion,Tommy Davidson,,"Rama Music, LLC",SG5BC40D2162FF4A8A97186C7449113B1B,0,,,,1,-0.666666667,,,4,,,,1,,,,0,,,,3,,,,0,,,,0,,,
TOGETHER AGAIN,MICHAEL BROENING,2025-05-05,B-Hive Records,SG5E2DED7F802C43EB9E9BB5650F4408A6,0,,,,1,0,,,261,-0.741328048,,,21,0.615384615,,,0,,,,1,,,,1009,,,,13,,,
Summer In Blue,Michael Broening,2022-03-25,Trippin 'n Rhythm,SG5E6B5332BF2F4DCBAB5AC8EF29A3C48B,0,,,,1,,,,143,-0.292079208,,,15,-0.285714286,,,0,,,,0,,,,202,,,,21,,,
Sandcastles 2.0,Brian Culbertson,2023-12-29,"BCM Entertainment, Inc.",SG60B1919CD8444770B805CECA4D54DD3A,0,,,,1,-0.5,,,127,-0.147651007,,,15,-0.166666667,,,0,,,,2,,,,149,,,,18,,,
Sunkiss,Steve Oliver,2023-09-29,Wide Sky Records,SG6262FAC21DB74866AFC6C03A464C4C6C,0,,,,1,-0.666666667,,,25,0.086956522,,,11,1.75,,,0,,,,3,,,,23,,,,4,,,
So into You,Castella,,Castella Music,SG62D6E42A8861493EA4C8247C3027E2CF,0,,,,1,-0.5,,,1,0,,,0,,,,0,,,,2,,,,1,,,,0,,,
I'LL BE THE ONE,Le Sonic,,Generic Records,SG62DB0524C1CE4022A3EE0C45960E7ABC,0,,,,1,0,,,16,1.666666667,,,5,4,,,0,,,,1,,,,6,,,,1,,,
Lipstick And Moonlight,Lisa Addeo,2025-05-20,Little Black Dress Records,SG642ED94B61C44D4CB56CD3FF28385FDB,0,,,,1,,,,42,0.135135135,,,5,-0.444444444,,,0,,,,0,,,,37,,,,9,,,
On The Road,Brian Culbertson,2025-06-13,"BCM Entertainment, Inc.",SG65F647A7775649A89405293DF673FF92,0,,,,1,,,,255,0.153846154,,,21,-0.275862069,,,0,,,,0,,,,221,,,,29,,,
Out of Time,The Weeknd,2022-01-07,XO / Republic Records,SG68016A64EE5A4B71B117AB1767ED1A60,0,,,,1,-0.5,,,110898,0.040543457,,,10453,0.032905138,,,0,,,,2,,,,106577,,,,10120,,,
I DON'T MISS YOU,JP Saxe,2023-03-30,ARIS,SG6817B620D8424BDCA00CF3853CFA9D53,0,,,,1,-0.5,,,4636,0.002595156,,,308,0.062068966,,,0,,,,2,,,,4624,,,,290,,,
Bangers and Mash,Terry Disley,,Ultimate Vibe Recordings,SG6A3F639F8C48450FAD452D47B40ED6F6,0,,,,1,,,,14,1.333333333,,,3,,,,0,,,,0,,,,6,,,,0,,,
Nothing Ever Hurt Like You,Mindi Abair,2022-01-24,Pretty Good For A Girl Records,SG6C656692E43E4C37894422CE6AE37CC0,0,,,,1,0,,,44,0.047619048,,,5,1.5,,,0,,,,1,,,,42,,,,2,,,
Time to Shine,Threestyle,,Welovemusic,SG6E5657F97BF044FD8044032070F60D3B,0,,,,1,0,,,7,2.5,,,0,,,,0,,,,1,,,,2,,,,0,,,
No Matter What,Threestyle,2024-01-03,Welovemusic,SG6E7E79D95C2A4CA59AE7E6640AC2D7E9,0,,,,1,,,,2,,,,0,,,,0,,,,0,,,,0,,,,0,,,
Automatic,Dave Koz & Adam Hawley,2024-09-13,"Just Koz Entertainment, Inc.",SG6EEE8091F77E44B6A8D156932994686B,0,,,,1,-0.5,,,90,0.111111111,,,5,-0.375,,,0,,,,2,,,,81,,,,8,,,
Never Too Late,Elton John,2019-07-10,Walt Disney Records,SG6F4DF8BDBDAD44A69FDE6B5D4C5077EE,0,,,,1,,,,969,-0.087570621,,,35,-0.426229508,,,0,,,,0,,,,1062,,,,61,,,
Movin' and Shakin',Vincent Ingala,2024-05-17,Shanachie,SG70AB78E698434E849FF514F1A86E4BA0,0,,,,1,,,,59,-0.32183908,,,6,0,,,0,,,,0,,,,87,,,,6,,,
The Way You Sway,Blake Aaron,2024-04-19,Innervision Records,SG72868CBA4BD44515AECF5F9D8E7FD288,0,,,,1,0,,,1946,-0.084235294,,,129,0,,,0,,,,1,,,,2125,,,,129,,,
As a matter of fact,Babyface,2023-02-09,ECAF/P Music Group,SG73F22A91CA0748DC821A07C2579C927C,0,,,,1,,,,65,-0.17721519,,,2,-0.6,,,0,,,,0,,,,79,,,,5,,,
Wet Bar,Lisa Addeo,2024-11-02,Little Black Dress Records,SG76224F4DC027459C81C9F8C9B0E11C87,0,,,,1,,,,31,0.347826087,,,5,0.666666667,,,0,,,,0,,,,23,,,,3,,,
Groovitivity,Gerald Veasley,,Unscripted Recordings,SG76416E62E39F4D91BDBBD10E730BF6C6,0,,,,1,0,,,1,-0.833333333,,,0,,,,0,,,,1,,,,6,,,,0,,,
Drive,Cindy Bradley,2022-05-23,Trippin 'n Rhythm,SG7A1926527C1147108C4A84AD028D1AF9,0,,,,1,,,,90,-0.291338583,,,5,-0.545454545,,,0,,,,0,,,,127,,,,11,,,
Cigar Lounge,Big Mike Hart,2025-05-09,Rhythm Section Ent,SG7A85B333AD5A4530AE1CF1344BB1190B,0,,,,1,,,,37,0.193548387,,,2,,,,0,,,,0,,,,31,,,,0,,,
Night Flight,Jeremy Sean Hector,2022-09-06,Thunder Dome Sounds,SG7C311509BC454B2FA27EB27607D39A43,0,,,,1,,,,0,,,,0,,,,0,,,,0,,,,0,,,,0,,,
Moon Goddess,Michael Lington,2023-05-12,Copenhagen Music,SG7D55E946F4684022BEE56D15C89B76B6,0,,,,1,-0.5,,,6,0.5,,,0,,,,0,,,,2,,,,4,,,,0,,,
Just Like That,Nick Colionne,2023-03-03,Trippin 'n Rhythm,SG7FA6E8F207A1443CA0E592EAFDE78A6B,0,,,,1,0,,,759,-0.029411765,,,4,0.333333333,,,0,,,,1,,,,782,,,,3,,,
Hipster,Alexander Zonjic,,Hi-Falutin' Music,SG81C5316D31C346F08D20435AB4B39930,0,,,,1,,,,4,,,,0,,,,0,,,,0,,,,0,,,,0,,,
Perfect Timing,Lisa Addeo,2022-07-22,Little Black Dress Records,SG83016C16A97B4A3D935E9B50C0A5E856,0,,,,1,0,,,785,0.015523933,,,19,0.1875,,,0,,,,1,,,,773,,,,16,,,
Groovin' On,Gregory Goodloe,2024-05-20,Hip Jazz Records,SG84592DC7C6CF40F59419BB7F678746CA,0,,,,1,0,,,23,0.533333333,,,6,0.2,,,0,,,,1,,,,15,,,,5,,,
Miami,JJ Sansaverino,2021-12-31,Innervision Records,SG8469C238A9E94CF189E3FC9BF7A4CE1E,0,,,,1,,,,135,,,,17,,,,0,,,,0,,,,0,,,,0,,,
Gloomy Day,Casey Abrams,2024-10-30,"Kite Records, Inc",SG87E8D9B6A03E443B9CA56DA2F1D4B639,0,,,,1,0,,,7,-0.5625,,,1,0,,,0,,,,1,,,,16,,,,1,,,
Turn Another Corner,Doug Jones,2025-01-13,Doug Jones,SG88491B2043D6473F80FC6D2DF3285907,0,,,,1,0,,,1,0,,,0,,,,0,,,,1,,,,1,,,,0,,,
Dr. Norm,Dave Koz,2020-10-02,Just Koz Entertainment,SG89E3D006F92B470B85559F32C8FD4AE5,0,,,,1,-0.5,,,17,-0.575,,,1,-0.5,,,0,,,,2,,,,40,,,,2,,,
Take It or Leave It,Le Sonic,2024-03-15,Generic Records,SG91067C9A5C6B4A44AC7E73261DD3E081,0,,,,1,-0.5,,,20,0.333333333,,,2,0,,,0,,,,2,,,,15,,,,2,,,
Rock The World,Darren Rahn,2022-01-28,Side 2 Music,SG9108F0267E1B4022A74950BBCD0DB656,0,,,,1,-0.5,,,640,-0.073806078,,,3,2,,,0,,,,2,,,,691,,,,1,,,
Soul Connection,Brian Simpson,2023-04-19,Shanachie,SG915A03173A3D44ADAB69961F83AF26EB,0,,,,1,0,,,69,0.642857143,,,6,2,,,0,,,,1,,,,42,,,,2,,,
Best of Things,JC Sol,,2567757 Records DK,SG96BDA40CA8AC4660B94BCDD437383E0B,0,,,,1,-0.5,,,0,-1,,,0,,,,0,,,,2,,,,2,,,,0,,,
Long Shot,"Marc Jordan, Amy Sky",,Café Records,SG997342CCA436441797253F0ECBC935D8,0,,,,1,0,,,22,-0.12,,,3,0,,,0,,,,1,,,,25,,,,3,,,
Meet Me At The End,Ron Reinhardt Feat. Richard Elliot,,,SG99937496307341E5A2A4D52FF0E7145D,0,,,,1,0,,,,,,,,,,,0,,,,1,,,,,,,,,,,
Lush,Kayla Waters,2025-09-03,Shanachie,SG9B0E45C84BDE4411AA3B61CCDB1CE2E2,0,,,,1,,,,24,-0.4,,,4,-0.333333333,,,0,,,,0,,,,40,,,,6,,,
So In Love,Lalah Hathaway,2024-05-03,SoNo Recording Group,SG9CD408BC08614DE0AE1DA06E1555D88D,0,,,,1,,,,84,-0.20754717,,,3,-0.571428571,,,0,,,,0,,,,106,,,,7,,,
Diamond Dress,Lisa Addeo,2024-03-15,Little Black Dress Records,SG9EA1722AF0A74CEE93C062B55B69D920,0,,,,1,0,,,128,-0.03030303,,,11,-0.352941176,,,0,,,,1,,,,132,,,,17,,,
WALK IT LIKE YOU TALK IT,Rob Tardik,,GuiTardik Music,SGA15514FA49434C7DBE0997D2429001F9,0,,,,1,-0.666666667,,,4,0,,,1,,,,0,,,,3,,,,4,,,,0,,,
The Pacemaker,Kim Waters,2025-02-05,Shanachie,SGA3EB732EA28C4E72BBC394C9E3F6F544,0,,,,1,-0.5,,,49,-0.02,,,2,-0.666666667,,,0,,,,2,,,,50,,,,6,,,
South Bay,Michael Lington,2023-05-12,Copenhagen Music,SGA42E2FE61F474233B8AB077959A00053,0,,,,1,0,,,6,-0.142857143,,,0,,,,0,,,,1,,,,7,,,,0,,,
Driftin',Richard Elliot,2024-07-03,Shanachie,SGA6FF3158F7804D07BB38EE2BA546AAF9,0,,,,1,0,,,43,0.102564103,,,0,-1,,,0,,,,1,,,,39,,,,3,,,
We Won't Fall Down,Shaune Ann Feuz,,Feuz Muzic,SGAD1F2E57318E47D19BB7C83127E4073E,0,,,,1,0,,,0,,,,0,,,,0,,,,1,,,,0,,,,0,,,
Straight Up Down,Richard Elliot,2024-07-03,Shanachie,SGADC1AFB4F283430A9022BF622AE4FAD5,0,,,,1,-0.5,,,49,-0.125,,,8,0.142857143,,,0,,,,2,,,,56,,,,7,,,
Runnin' Hot,Elan Trotman,2024-06-28,Woodward Avenue Records,SGAE13E86E13A44499A7968B69DABE9013,0,,,,1,0,,,19,-0.40625,,,3,-0.727272727,,,0,,,,1,,,,32,,,,11,,,
Moonlight,Les Sabler,2023-02-03,New Vista Records,SGAE1938B7D6CD435D8B9573C45077C063,0,,,,1,,,,508,0.976653696,,,54,0.384615385,,,0,,,,0,,,,257,,,,39,,,
Intoxicated Love,Castella,,Castella Music,SGAF64197737AF4F80A13DD6ED640B3414,0,,,,1,,,,0,,,,0,,,,0,,,,0,,,,0,,,,0,,,
On The Move,Vincent Ingala,2021-08-06,Shanachie,SGB0A3BEF8F6D448EA994348AC4604BFB5,0,,,,1,-0.5,,,191,-0.31294964,,,22,-0.421052632,,,0,,,,2,,,,278,,,,38,,,
Waitin' 4,Kärma Sounds,,Kärma Sounds Music,SGB0BBD8D1CA7643559602885B22ECF937,0,,,,1,0,,,1,0,,,0,,,,0,,,,1,,,,1,,,,0,,,
Turn Up The Sunshine,"Diana Ross, Tame Impala",2022-05-10,Decca (UMO) (Classics),SGB70CFC7A152D42BF85674C2D0F92E7EE,0,,,,1,,,,2428,,,,138,,,,0,,,,0,,,,0,,,,0,,,
Moment,Jeanick Fournier,2022-09-30,Universal Music Canada,SGB88074515B134750A95A9C0E21D377CE,0,,,,1,-0.5,,,191,0.091428571,,,0,-1,,,0,,,,2,,,,175,,,,1,,,
Let's Hold Hands,Euge Groove,2023-08-25,Shanachie,SGB924A9CF0FCA4780A35FA5F272B01BC5,0,,,,1,0,,,33,-0.266666667,,,3,-0.727272727,,,0,,,,1,,,,45,,,,11,,,
Nights over Egypt,Castella,2024-08-23,Castella Music,SGB9353ADFCDEE41128043D06CAE5F4022,0,,,,1,,,,6,0.5,,,0,-1,,,0,,,,0,,,,4,,,,1,,,
Forever Together,The Braxton Brothers,2023-08-21,Braxton Productions,SGBD56C6D6189D4F9594DD7F60A80724E5,0,,,,1,,,,32,0.333333333,,,6,-0.454545455,,,0,,,,0,,,,24,,,,11,,,
Money Love,Lou Pomanti,,,SGBDF2E49D546C4C6690E0FA0756A62780,0,,,,1,-0.5,,,,,,,,,,,0,,,,2,,,,,,,,,,,
Summertime,Paul Brown,2025-04-23,Paul Brown,SGBF713837C74848118D23C1DC7B8722F9,0,,,,1,0,,,0,,,,0,,,,0,,,,1,,,,0,,,,0,,,
Slingshot,Steve Oliver,,Wide Sky Records,SGC19DC34912F5424EA8C85E659F2CAF72,0,,,,1,-0.666666667,,,44,-0.022222222,,,9,0.5,,,0,,,,3,,,,45,,,,6,,,
Catalonia,Peter White,2025-01-31,"Lobster Music, Inc.",SGC7E91376F97B4479AEB615CD60B587F6,0,,,,1,,,,213,0.059701493,,,25,0.19047619,,,0,,,,0,,,,201,,,,21,,,
Waiting in Vain,Rebecca Angel,,Timeless Grooves Records,SGC80F84F53E074171A44E5B0473715617,0,,,,1,,,,5,,,,2,,,,0,,,,0,,,,0,,,,0,,,
Dreamland,Blake Aaron,2022-01-26,Innervision Records,SGCAB07ECC4FEE4D60A58B536F48231ADD,0,,,,1,0,,,38,0.310344828,,,15,1.142857143,,,0,,,,1,,,,29,,,,7,,,
Shore Thing,Rick Habana,,Innervision Records,SGCC373DE2D8074E9BB30677C22B63501B,0,,,,1,0,,,71,0.224137931,,,5,1.5,,,0,,,,1,,,,58,,,,2,,,
Bring It Back,Boney James,2022-07-15,Concord Records,SGCD05E05B949C4F318CD7AA6C96CCC4EF,0,,,,1,-0.5,,,2657,-0.144834245,,,165,-0.046242775,,,0,,,,2,,,,3107,,,,173,,,
Over Easy,Jazz Funk Soul,2025-05-07,Shanachie,SGCD530B61A38646E88A1B47790A477417,0,,,,1,-0.5,,,43,1.15,,,7,0.4,,,0,,,,2,,,,20,,,,5,,,
The World Turns,Shaune Ann Feuz,,Feuz Muzic,SGCEC87486E60E48149F49170EE9B08A36,0,,,,1,0,,,0,,,,0,,,,0,,,,1,,,,0,,,,0,,,
RATHER BE,GIVEON,2025-05-12,EPIC,SGD3E73B155D364CA3A1B1828E4B6D7B1D,0,,,,1,-0.5,,,53753,0.212018038,,,6005,0.229273286,,,0,,,,2,,,,44350,,,,4885,,,
Life 2,MAJID JORDAN,2024-10-17,OVO SOUND,SGD5BEA6B26E204567BE2B6E1FF5DC95E4,0,,,,1,0,,,5021,-0.04270734,,,421,-0.072687225,,,0,,,,1,,,,5245,,,,454,,,
With You,Isaac Edwards,2024-05-17,Songs In My Pocket Music,SGD707F80C9671444C9D2A69B3C9CB218C,0,,,,1,0,,,1,0,,,0,,,,0,,,,1,,,,1,,,,0,,,
Hot Chicken,Les Sabler,2024-04-01,New Vista Records,SGD9124CC5C257433E88E25DF17CF5EA96,0,,,,1,-0.666666667,,,1,-0.75,,,0,,,,0,,,,3,,,,4,,,,0,,,
Triangles,Michael Mani,2025-02-03,TSR RECORDS,SGDB638464E50541D386E739E092B011B8,0,,,,1,-0.5,,,12,0,,,0,-1,,,0,,,,2,,,,12,,,,2,,,
Change Your Mind,The Free Label,2024-05-03,Westwood Recordings,SGDC8034C99E1542D9A9DBB5643B898267,0,,,,1,-0.5,,,808,-0.002469136,,,78,-0.142857143,,,0,,,,2,,,,810,,,,91,,,
New World,Michael Massaro,,Michael Massaro,SGDD1ABDC4381D472F98B985795EBA888C,0,,,,1,-0.666666667,,,0,-1,,,0,,,,0,,,,3,,,,1,,,,0,,,
Harbour,Nora Toutain,2023-01-20,The Good People Records,SGDD291C06B3F74CEBBBEE212C9E307FEA,0,,,,1,0,,,2,-0.714285714,,,0,,,,0,,,,1,,,,7,,,,0,,,
Undulation,Kayla Waters,2023-05-03,Shanachie,SGDE7CB5D895244EF0A1CB1B3B98EE6D4B,0,,,,1,-0.5,,,367,-0.077889447,,,28,0.217391304,,,0,,,,2,,,,398,,,,23,,,
"You're the First, the Last, My Everything",Michael Bublé,2022-03-18,Reprise,SGDE967D472FE04A879E06F7FEEDAA12A6,0,,,,1,,,,1846,,,,149,,,,0,,,,0,,,,0,,,,0,,,
You Said,Avery Raquel,,Avery Raquel,SGDEF5544BC64C4C12B6690755642C006F,0,,,,1,0,,,7,0.75,,,0,-1,,,0,,,,1,,,,4,,,,1,,,
Da Spot,Paul Brown,2022-07-15,Shanachie,SGDF20457C57BC4EA9B4B9E2FEB55544C4,0,,,,1,0,,,9,1.25,,,0,-1,,,0,,,,1,,,,4,,,,1,,,
Slide,Boney James,2024-09-27,CONCORD MUSIC GROUP,SGE7B82E1880C84BBEA5AAFC73D80A98D2,0,,,,1,0,,,655,-0.32194617,,,40,-0.322033898,,,0,,,,1,,,,966,,,,59,,,
Stand Up,Roberto Restuccia,2002-09-12,Trippin 'n Rhythm,SGE7CCFF117C7B46039E29B401F5B206D9,0,,,,1,0,,,32,0.103448276,,,3,-0.4,,,0,,,,1,,,,29,,,,5,,,
Freedom,Kim Scott,2024-10-04,Innervision Records,SGE9D6FD8A0F944736995E97FF1157D34B,0,,,,1,,,,101,0.122222222,,,6,2,,,0,,,,0,,,,90,,,,2,,,
Static,Mo Louis,,Westcoast Sax Records,SGEAA3B12D3FDE4C3F8743A2A939109C06,0,,,,1,0,,,25,-0.038461538,,,0,,,,0,,,,1,,,,26,,,,0,,,
Steps On The Globe,Keiko Matsui,2023-03-03,Shanachie,SGECEDA134786D49C4ABFE7FAFCE51E4DF,0,,,,1,-0.5,,,1315,-0.097460535,,,43,0.023809524,,,0,,,,2,,,,1457,,,,42,,,
Change the World,Chris Standring,2021-12-13,Ultimate Vibe Recordings,SGEF0B72973B3C4234920C83C788AE5B80,0,,,,1,,,,11,,,,1,,,,0,,,,0,,,,0,,,,0,,,
Walkin' the Dog,Nils,2022-07-20,Baja/TSR Records,SGEF774AF669D845B5BF35A1F3C21A62C2,0,,,,1,,,,2,,,,0,,,,0,,,,0,,,,0,,,,0,,,
Off The Top,Kim Scott,2022-02-04,Innervision Records,SGF20DDBA42B414B7DB3432524E25414F7,0,,,,1,-0.5,,,13,1.6,,,2,,,,0,,,,2,,,,5,,,,0,,,
A Little Moxie,Cindy Bradley,2023-07-07,Trippin N' Rhythm Records,SGF4EE8980843A471D9BD2B03C816B5A62,0,,,,1,0,,,43,-0.188679245,,,2,-0.333333333,,,0,,,,1,,,,53,,,,3,,,
Was I Ever 13,Jann Arden,2022-01-14,EVERYTHING TO EVERYONE,SGF8521C5F56704AFEB8800714B8C8FFE0,0,,,,1,0,,,209,0.034653465,,,7,-0.461538462,,,0,,,,1,,,,202,,,,13,,,
A Little Closer,Lin Rountree,2023-06-16,Trippin N' Rhythm Records,SGF8B0F56DA4414DC7AB9B22727B06C77A,0,,,,1,0,,,9,-0.1,,,0,-1,,,0,,,,1,,,,10,,,,1,,,
Coming Back Around,Jarez Feat. Julian Vaughn,,,SGFAF5C354325448B7A906E9115525F120,0,,,,1,0,,,,,,,,,,,0,,,,1,,,,,,,,,,,
NEVER GONNA STOP,RICK ASTLEY,2023-08-09,BMG RIGHTS MANA,SGFB11DB4157974EF0A0F8B847B3F83A57,0,,,,1,,,,440,,,,25,,,,0,,,,0,,,,0,,,,0,,,
Convergency,Candy Dulfer & Nile Rodgers,2022-10-26,The Funk Garage,SGFF1C978B91284FD4AFC15FEDBF9D8CF1,0,,,,1,0,,,20,-0.090909091,,,1,-0.75,,,0,,,,1,,,,22,,,,4,,,
